{
  "model_weight": 0.4,
  "kelly_fraction": 0.2,
  "min_edge": 0.07,
  "bankroll": 500.0,
  "min_stake": 2.0,
  "max_stake_per_pick": 100.0,
  "max_total_stake": 500.0,
  "calibration": {
    "sample_size": 15,
    "combined_sample_size": 48,
    "base_model_accuracy": 0.6666666666666666,
    "context_model_accuracy": 0.7333333333333333,
    "weather_model_accuracy": 0.7333333333333333,
    "tactical_model_accuracy": 0.875,
    "value_model_accuracy": 0.875,
    "model_accuracy": 0.7333333333333333,
    "market_accuracy": 0.3333333333333333,
    "fused_accuracy": 0.7333333333333333,
    "model_brier": 0.5031835339292196,
    "base_model_brier": 0.5116530161762292,
    "context_model_brier": 0.5131981650533499,
    "weather_model_brier": 0.5131981650533499,
    "tactical_model_brier": 0.4187686615069537,
    "value_model_brier": 0.39984655367420946,
    "market_brier": 0.8051552230735783,
    "fused_brier": 0.5123246791027463,
    "base_model_logloss": 0.8778070268782941,
    "context_model_logloss": 0.8793961167885054,
    "weather_model_logloss": 0.8793961167885054,
    "tactical_model_logloss": 0.7391495065019438,
    "value_model_logloss": 0.7129862370378681,
    "model_logloss": 0.8653827552553967,
    "market_logloss": 1.200005508540904,
    "fused_logloss": 0.870941309622175,
    "score_exact_accuracy": 0.16666666666666666,
    "score_top3_hit_rate": 0.3125,
    "score_top5_hit_rate": 0.4375,
    "avg_total_goals_error": -0.5395203960451962,
    "avg_abs_total_goals_error": 1.6139177525502513,
    "avg_goal_diff_error": 0.23909176494467518,
    "avg_abs_goal_diff_error": 1.2484761442294767,
    "total_goals_direction_metrics": {
      "sample_size": 0,
      "hit_rate": null,
      "hit_count": 0,
      "miss_count": 0
    },
    "asian_handicap_direction_metrics": {
      "sample_size": 0,
      "hit_rate": null,
      "hit_count": 0,
      "miss_count": 0
    },
    "underestimated_total_goals_rate": 0.3541666666666667,
    "underestimated_draw_rate": 0.25,
    "underestimated_underdog_goal_rate": 0.125,
    "underestimated_big_win_rate": 0.041666666666666664,
    "mistake_tag_metrics": {
      "sample_size": 15,
      "counts": {
        "ai_adjustment_helped": 4,
        "ai_adjustment_hurt": 1,
        "draw_missed": 4,
        "favorite_overestimated": 4,
        "low_actual_outcome_probability": 3,
        "overconfident_wrong_pick": 4,
        "score_top3_miss": 12,
        "tactical_adjustment_active": 6,
        "value_adjustment_active": 6,
        "very_low_actual_outcome_probability": 1,
        "wdl_hit": 11,
        "wdl_miss": 4,
        "weather_adjustment_active": 1
      },
      "rates": {
        "ai_adjustment_helped": 0.26666666666666666,
        "ai_adjustment_hurt": 0.06666666666666667,
        "draw_missed": 0.26666666666666666,
        "favorite_overestimated": 0.26666666666666666,
        "low_actual_outcome_probability": 0.2,
        "overconfident_wrong_pick": 0.26666666666666666,
        "score_top3_miss": 0.8,
        "tactical_adjustment_active": 0.4,
        "value_adjustment_active": 0.4,
        "very_low_actual_outcome_probability": 0.06666666666666667,
        "wdl_hit": 0.7333333333333333,
        "wdl_miss": 0.26666666666666666,
        "weather_adjustment_active": 0.06666666666666667
      },
      "labels_cn": {
        "ai_adjustment_helped": "AI 修正提高真实方向概率",
        "ai_adjustment_hurt": "AI 修正降低真实方向概率",
        "draw_missed": "平局漏判",
        "favorite_overestimated": "高估热门方",
        "low_actual_outcome_probability": "真实方向概率偏低",
        "overconfident_wrong_pick": "高置信错误方向",
        "score_top3_miss": "比分 Top3 未命中",
        "tactical_adjustment_active": "战术修正已触发",
        "value_adjustment_active": "身价/阵容价值修正已触发",
        "very_low_actual_outcome_probability": "真实方向概率严重偏低",
        "wdl_hit": "赛果方向命中",
        "wdl_miss": "赛果方向未命中",
        "weather_adjustment_active": "天气修正已触发"
      }
    },
    "adjustment_module_metrics": {
      "context": {
        "sample_size": 8,
        "improved_actual_probability": 4,
        "worsened_actual_probability": 2,
        "unchanged_actual_probability": 2,
        "fixed_top_outcome": 1,
        "broke_top_outcome": 0,
        "changed_top_outcome": 1,
        "avg_actual_probability_delta": -0.003612499999999994,
        "avg_abs_actual_probability_delta": 0.008162499999999986
      },
      "tactical": {
        "sample_size": 6,
        "improved_actual_probability": 3,
        "worsened_actual_probability": 3,
        "unchanged_actual_probability": 0,
        "fixed_top_outcome": 0,
        "broke_top_outcome": 0,
        "changed_top_outcome": 0,
        "avg_actual_probability_delta": -0.01866620043936268,
        "avg_abs_actual_probability_delta": 0.02464620043936272
      },
      "value": {
        "sample_size": 6,
        "improved_actual_probability": 6,
        "worsened_actual_probability": 0,
        "unchanged_actual_probability": 0,
        "fixed_top_outcome": 0,
        "broke_top_outcome": 0,
        "changed_top_outcome": 0,
        "avg_actual_probability_delta": 0.01762666666666664,
        "avg_abs_actual_probability_delta": 0.01762666666666664
      },
      "weather": {
        "sample_size": 1,
        "improved_actual_probability": 0,
        "worsened_actual_probability": 1,
        "unchanged_actual_probability": 0,
        "fixed_top_outcome": 0,
        "broke_top_outcome": 0,
        "changed_top_outcome": 0,
        "avg_actual_probability_delta": -0.027099999999999902,
        "avg_abs_actual_probability_delta": 0.027099999999999902
      }
    },
    "last_review_file": "postmatch-calibration_20260624_141326.json",
    "full_playback_sample_size": 48,
    "full_playback_model_accuracy": 0.7083333333333334,
    "full_playback_model_brier": 0.4830195686907302,
    "full_playback_model_logloss": 0.8123786364178797,
    "full_playback_score_top3_hit_rate": 0.3125,
    "full_playback_score_top5_hit_rate": 0.4375,
    "model_weight_decision": "sample_size_below_100_keep_current_weight",
    "ai_adjustment_decision": "ai_outperforms_base_expand_delta",
    "tactical_adjustment_decision": "tactical_outperforms_context_expand",
    "value_adjustment_decision": "value_outperforms_tactical_expand",
    "weather_adjustment_decision": "missing_weather_review_sample_keep",
    "risk_adjustment_decision": "poor_short_sample_accuracy_reduce_kelly_raise_edge_keep_manual_total_stake",
    "probability_parameter_decision": "full_playback_generates_probability_candidate",
    "candidate_probability_params": {
      "draw_probability_floor": 0.23,
      "balanced_match_draw_floor": 0.27,
      "strong_favorite_draw_floor": 0.26,
      "max_draw_calibration_boost": 0.1,
      "underdog_probability_floor": 0.08,
      "max_underdog_calibration_boost": 0.03,
      "probability_temperature": 0.8,
      "draw_pick_override_enabled": 1.0,
      "draw_pick_min_probability": 0.24,
      "draw_pick_max_gap_to_favorite": 0.12,
      "draw_pick_favorite_max_probability": 0.45
    },
    "candidate_score_params": {
      "score_goal_diff_shrink": 0.09,
      "score_btts_promotion_weight": 0.08,
      "score_high_total_promotion_weight": 0.04,
      "score_btts_total_threshold": 2.55,
      "score_common_result_boost": 0.0,
      "score_draw_candidate_boost": 0.0,
      "score_top5_to_top3_btts_boost": 0.0,
      "score_top5_to_top3_high_total_boost": 0.0,
      "score_open_game_top5_gap_ratio": 0.92,
      "score_open_game_top5_direct_boost": 0.08,
      "score_big_margin_tail_boost": 0.0
    },
    "auto_apply_decision": "hold_requires_backtest_confirmation"
  },
  "draw_probability_floor": 0.2,
  "balanced_match_draw_floor": 0.24,
  "strong_favorite_draw_floor": 0.26,
  "max_draw_calibration_boost": 0.1,
  "underdog_probability_floor": 0.08,
  "max_underdog_calibration_boost": 0.03,
  "probability_temperature": 0.8,
  "draw_pick_override_enabled": 1.0,
  "draw_pick_min_probability": 0.24,
  "draw_pick_max_gap_to_favorite": 0.12,