{
  "model_version": "score_model_v1",
  "trained_at": "2026-06-21T06:34:56.460532+00:00",
  "train_matches": 274,
  "feature_names": [
    "bias",
    "elo_diff_scaled",
    "home_elo_scaled",
    "away_elo_scaled",
    "home_last5_goals_for",
    "home_last5_goals_against",
    "away_last5_goals_for",
    "away_last5_goals_against",
    "home_last10_goals_for",
    "home_last10_goals_against",
    "away_last10_goals_for",
    "away_last10_goals_against",
    "home_injury_count",
    "away_injury_count",
    "home_suspension_count",
    "away_suspension_count",
    "home_lineup_known",
    "away_lineup_known",
    "home_rotation_flag",
    "away_rotation_flag",
    "must_win_flag_home",
    "must_win_flag_away",
    "home_rest_days",
    "away_rest_days",
    "home_market_prob",
    "draw_market_prob",
    "away_market_prob",
    "neutral_flag",
    "knockout_flag"
  ],
  "home_model": {
    "weights": [
      -0.0219341335,
      0.5452625007,
      -0.0113137661,
      -0.0385768911,
      0.0086750154,
      0.0708320913,
      -0.1826660108,
      0.3119012744,
      0.0208193383,
      0.0358468474,
      -0.147303131,
      0.2101745979,
      0.0,
      0.0,
      0.0,
      0.0,
      0.0401418749,
      0.0401418749,
      -0.0353725836,
      -0.0353725836,
      0.1272488917,
      0.1272488917,
      0.5078070811,
      -0.2432470495,
      0.3163749466,
      -0.1459005659,
      -0.2237722987,
      -0.0219341335,
      0.136213496
    ],
    "mae": 0.89584497310792,
    "target_mean": 1.2883211678832116
  },
  "away_model": {
    "weights": [
      0.0265746444,
      -0.5152994444,
      0.0074728436,
      0.0332378158,
      0.0820212299,
      0.2853740385,
      0.0478921688,
      -0.0029611529,
      0.0476630568,
      0.2071613361,
      0.0781743079,
      0.0802602446,
      0.0,
      0.0,
      0.0,
      0.0,
      0.0787986179,
      0.0787986179,
      0.0718923573,
      0.0718923573,
      -0.1840626167,
      -0.1840626167,
      -0.0328130501,
      0.0720658483,
      -0.0620347525,
      -0.0289295167,
      -0.2113051997,
      0.0265746444,
      0.3285532263
    ],
    "mae": 0.7731156504608098,
    "target_mean": 1.2992700729927007
  },
  "train_metrics": {
    "matches": 274,
    "home_goals_mae": 0.89584497310792,
    "away_goals_mae": 0.7731156504608098,
    "total_goals_mae": 1.2274817503982303
  },
  "validation_metrics": {
    "matches": 91,
    "home_goals_mae": 1.1014748008731112,
    "away_goals_mae": 0.9011080098525459,
    "total_goals_mae": 1.501609836045983
  },
  "score_correlation": {
    "method": "dixon_coles_low_score",
    "rho": 0.03
  },
  "sample_weight_policy": {
    "A": 1.0,
    "B": 0.7,
    "C": 0.5
  },
  "samples": [
    {
      "match_id": "2010-南非-墨西哥",
      "home_team": "南非",
      "away_team": "墨西哥",
      "actual_home_goals": 1,
      "actual_away_goals": 1,
      "predicted_home_lambda": 0.953703,
      "predicted_away_lambda": 0.922748,
      "features": {
        "bias": 1.0,
        "elo_diff_scaled": 0.1105,
        "home_elo_scaled": 0.74974,
        "away_elo_scaled": 0.744215,
        "home_last5_goals_for": 0.0,
        "home_last5_goals_against": 0.0,
        "away_last5_goals_for": 0.0,
        "away_last5_goals_against": 0.0,
        "home_last10_goals_for": 0.0,
        "home_last10_goals_against": 0.0,
        "away_last10_goals_for": 0.0,
        "away_last10_goals_against": 0.0,
        "home_injury_count": 0.0,
        "away_injury_count": 0.0,
        "home_suspension_count": 0.0,
        "away_suspension_count": 0.0,
        "home_lineup_known": 0.0,
        "away_lineup_known": 0.0,
        "home_rotation_flag": 0.0,
        "away_rotation_flag": 0.0,
        "must_win_flag_home": 0.0,
        "must_win_flag_away": 0.0,
        "home_rest_days": 0.0,
        "away_rest_days": 0.0,
        "home_market_prob": 0.32035,
        "draw_market_prob": 0.310016,
        "away_market_prob": 0.369634,
        "neutral_flag": 1.0,
        "knockout_flag": 0.0
      }
    },
    {
      "match_id": "2010-乌拉圭-法国",
      "home_team": "乌拉圭",
      "away_team": "法国",
      "actual_home_goals": 0,
      "actual_away_goals": 0,
      "predicted_home_lambda": 0.585045,
      "predicted_away_lambda": 1.416245,
      "features": {
        "bias": 1.0,
        "elo_diff_scaled": -0.7344,
        "home_elo_scaled": 0.760095,
        "away_elo_scaled": 0.796815,
        "home_last5_goals_for": 0.0,
        "home_last5_goals_against": 0.0,
        "away_last5_goals_for": 0.0,
        "away_last5_goals_against": 0.0,
        "home_last10_goals_for": 0.0,
        "home_last10_goals_against": 0.0,
        "away_last10_goals_for": 0.0,
        "away_last10_goals_against": 0.0,
        "home_injury_count": 0.0,
        "away_injury_count": 0.0,
        "home_suspension_count": 0.0,
        "away_suspension_count": 0.0,
        "home_lineup_known": 0.0,
        "away_lineup_known": 0.0,
        "home_rotation_flag": 0.0,
        "away_rotation_flag": 0.0,
        "must_win_flag_home": 0.0,
        "must_win_flag_away": 0.0,
        "home_rest_days": 0.0,
        "away_rest_days": 0.0,
        "home_market_prob": 0.274025,
        "draw_market_prob": 0.299715,
        "away_market_prob": 0.426261,
        "neutral_flag": 1.0,
        "knockout_flag": 0.0
      }
    },
    {
      "match_id": "2010-韩国-希腊",
      "home_team": "韩国",
      "away_team": "希腊",
      "actual_home_goals": 2,
      "actual_away_goals": 0,
      "predicted_home_lambda": 1.030676,
      "predicted_away_lambda": 0.875109,
      "features": {
        "bias": 1.0,
        "elo_diff_scaled": 0.225,
        "home_elo_scaled": 0.76125,
        "away_elo_scaled": 0.75,
        "home_last5_goals_for": 0.0,
        "home_last5_goals_against": 0.0,
        "away_last5_goals_for": 0.0,
        "away_last5_goals_against": 0.0,
        "home_last10_goals_for": 0.0,
        "home_last10_goals_against": 0.0,
        "away_last10_goals_for": 0.0,
        "away_last10_goals_against": 0.0,
        "home_injury_count": 0.0,
        "away_injury_count": 0.0,
        "home_suspension_count": 0.0,
        "away_suspension_count": 0.0,
        "home_lineup_known": 0.0,
        "away_lineup_known": 0.0,
        "home_rotation_flag": 0.0,
        "away_rotation_flag": 0.0,
        "must_win_flag_home": 0.0,
        "must_win_flag_away": 0.0,
        "home_rest_days": 0.0,
        "away_rest_days": 0.0,
        "home_market_prob": 0.347844,
        "draw_market_prob": 0.318857,
        "away_market_prob": 0.3333,
        "neutral_flag": 1.0,
        "knockout_flag": 0.0
      }
    },
    {
      "match_id": "2010-阿根廷-尼日利亚",
      "home_team": "阿根廷",
      "away_team": "尼日利亚",
      "actual_home_goals": 1,
      "actual_away_goals": 0,
      "predicted_home_lambda": 1.21293,
      "predicted_away_lambda": 0.838949,
      "features": {
        "bias": 1.0,
        "elo_diff_scaled": 0.503,
        "home_elo_scaled": 0.768275,
        "away_elo_scaled": 0.743125,
        "home_last5_goals_for": 0.0,
        "home_last5_goals_against": 0.0,
        "away_last5_goals_for": 0.0,
        "away_last5_goals_against": 0.0,
        "home_last10_goals_for": 0.0,
        "home_last10_goals_against": 0.0,
        "away_last10_goals_for": 0.0,
        "away_last10_goals_against": 0.0,
        "home_injury_count": 0.0,
        "away_injury_count": 0.0,
        "home_suspension_count": 0.0,
        "away_suspension_count": 0.0,
        "home_lineup_known": 0.0,
        "away_lineup_known": 0.0,
        "home_rotation_flag": 0.0,
        "away_rotation_flag": 0.0,
        "must_win_flag_home": 0.0,
        "must_win_flag_away": 0.0,
        "home_rest_days": 0.0,
        "away_rest_days": 0.0,
        "home_market_prob": 0.0,
        "draw_market_prob": 0.0,
        "away_market_prob": 0.0,
        "neutral_flag": 1.0,
        "knockout_flag": 0.0
      }
    },
    {
      "match_id": "2010-英格兰-美国",
      "home_team": "英格兰",
      "away_team": "美国",